age,experience,department,job_level,salary,training_hours,projects_completed,attendance_rate,feedback_score,performance
50,2,Sales,Senior,89967,6,8,0.5179693374607767,2.8781021681754506,Low
36,5,Sales,Senior,79182,3,12,0.6973671769224141,1.1132450976106711,Low
29,5,HR,Mid,59310,28,12,0.9654036486582449,1.8401173980651264,Medium
42,6,HR,Junior,76088,13,14,0.5628621344961131,2.124152325524113,Medium
40,19,HR,Junior,28906,2,15,0.8685482752160256,3.851840031435223,High
44,8,IT,Mid,56914,23,15,0.9872959056676649,1.0459698931924613,Medium
32,16,HR,Mid,65379,36,9,0.5260993145224858,2.635109044916528,Medium
32,13,HR,Senior,98612,15,19,0.8410969403133053,4.696107481702931,High
45,1,HR,Junior,57650,3,8,0.7340770706505152,1.4475224661964954,Low
57,17,Sales,Mid,66881,23,19,0.789587627687361,3.065697552874444,High
45,7,Sales,Junior,66413,33,6,0.5426706682421625,4.146089529563389,Medium
24,13,IT,Mid,26012,29,19,0.5215034759334698,4.770125230080467,High
43,4,IT,Mid,70115,17,4,0.8334333302754608,3.987106558134872,Medium
23,4,Sales,Junior,27151,18,7,0.9116547149103589,3.8822621945776246,High
45,6,Sales,Mid,77716,30,4,0.8910076674664836,4.305952360783049,High
51,19,Sales,Mid,56378,18,12,0.7719028639331187,2.7848048839101747,Medium
59,12,HR,Senior,62652,48,13,0.5499334105680891,4.223378130471332,High
23,7,HR,Mid,92430,45,3,0.8440222219180069,1.0318576189818045,Medium
42,10,Sales,Mid,33467,18,12,0.620944441777073,4.6982442215072195,High
54,19,HR,Mid,51010,21,2,0.9555343513836918,2.7732260380687013,Medium
33,7,HR,Senior,74691,23,2,0.9191326797728525,3.2135207514629904,Medium
43,3,IT,Junior,84157,44,9,0.8546914835436954,2.0195289956595293,Medium
46,13,Sales,Senior,32289,11,1,0.9744229779155652,3.9701233313616857,Medium
48,13,Sales,Senior,64976,29,8,0.5157109107556365,1.3065432259009953,Low
49,18,HR,Junior,63596,37,6,0.8681002125303809,4.490543210187341,High
37,8,Sales,Senior,43171,30,6,0.6651213896682027,4.312467316025371,High
36,9,IT,Junior,64139,35,18,0.9530329428431826,1.8642404649790656,High
24,7,IT,Senior,68713,18,17,0.6333375983309888,4.237297593141049,High
58,1,IT,Junior,49734,47,12,0.8624282496575085,4.145430932245926,High
28,3,Sales,Mid,92588,44,6,0.9388235098253908,3.528866391015796,High
42,13,Sales,Senior,83646,35,8,0.5208284091913412,2.49408070759875,Medium
30,17,Sales,Senior,23654,29,19,0.6988237897960181,2.0859950167274715,Medium
39,1,Sales,Senior,38743,48,10,0.8811545160109693,1.9271343611574,High
25,6,Sales,Senior,68368,32,1,0.7274594447537935,2.2744358510544287,Medium
46,6,IT,Mid,94172,17,13,0.6336263148967977,4.614233773730121,High
35,12,HR,Senior,26441,48,17,0.609902674411595,1.310563103955125,Medium
30,13,IT,Mid,44611,27,3,0.565759133458189,4.315485105011835,Medium
47,13,Sales,Mid,32149,46,8,0.9285647799281411,2.3955603001672943,High
23,15,IT,Mid,79189,10,14,0.787677701625778,3.0863975840454327,Medium
41,16,Sales,Mid,41675,44,3,0.538192472495728,4.177942534593963,Medium
49,11,Sales,Junior,91031,32,16,0.6912901617853178,4.537506188091886,High
28,5,IT,Junior,62668,16,13,0.683866825402555,2.379125680290588,Medium
29,4,Sales,Senior,33673,5,17,0.5908695953547315,2.8473739251004413,Medium
56,3,HR,Junior,96666,3,13,0.7177538127360954,2.658064259267169,Medium
35,19,Sales,Junior,85429,19,6,0.6660496826965683,1.0530041340156422,Low
38,18,HR,Senior,43669,47,17,0.6709018527460913,2.1837715554346264,High
57,15,HR,Senior,54068,46,14,0.8695132788939793,2.8367569349302473,High
25,9,Sales,Senior,29435,26,17,0.6116316927525982,2.644374435521759,Medium
23,17,IT,Junior,72249,14,8,0.8209299794276776,3.887716910062718,Medium
27,14,HR,Junior,57384,5,11,0.7853248119404674,2.539214468884413,Medium
25,15,IT,Senior,96153,46,1,0.7840462561689336,2.957505795882681,Medium
50,1,HR,Mid,95388,13,7,0.831503673070888,2.7184343685294534,Medium
39,3,Sales,Senior,51401,10,17,0.774191018097827,3.962504595577482,High
47,16,Sales,Mid,91831,38,10,0.9396275574231923,4.451889595947851,High
55,11,HR,Mid,54084,8,11,0.83779004597513,3.1275563160300566,Medium
31,12,Sales,Senior,75826,25,9,0.773481625685694,4.157728776780765,High
57,10,HR,Senior,56451,15,9,0.9148815601438225,2.1871467280794024,Medium
35,16,Sales,Senior,27227,4,5,0.8030732824667399,3.165478440629075,Medium
52,8,IT,Junior,51910,9,17,0.6455721238925896,2.38091981467989,Medium
36,6,Sales,Mid,56041,49,9,0.6035474590882857,2.656803702287321,Medium
29,12,IT,Junior,85681,2,17,0.5761638928313394,3.9296554592506743,Medium
35,8,Sales,Junior,85481,12,19,0.9497276062730509,4.526649929330851,High
44,4,IT,Senior,88576,42,7,0.855067715899033,1.4859815643510617,Medium
42,8,Sales,Junior,84174,48,9,0.9686892190821603,3.538557025949522,High
37,18,IT,Senior,46160,29,7,0.8016459028574715,3.328575230311194,Medium
39,5,HR,Mid,37633,44,13,0.7367004407474562,1.4736601567037275,Medium
45,9,HR,Senior,37014,5,11,0.5298582444854447,1.8475773217604363,Low
47,4,IT,Junior,69104,16,14,0.835821140773015,2.244009978930721,Medium
46,17,Sales,Junior,61621,44,19,0.7911043798841155,1.6677242832700059,High
50,9,IT,Senior,97231,18,11,0.9951044467938107,1.9749179300973672,Medium
36,1,Sales,Senior,88388,41,13,0.6195793888911215,2.07040319544683,Medium
22,13,HR,Junior,36014,34,14,0.7653686776434179,2.3426953321562385,Medium
46,16,Sales,Mid,53755,45,13,0.8254786675590363,3.997561811204636,High
28,13,HR,Mid,60390,25,1,0.8222955873711718,3.287648815402403,Medium
30,14,Sales,Senior,43711,4,8,0.7806467714742014,4.944986687805606,High
45,3,Sales,Mid,77993,28,12,0.8884640051636128,2.658943307869884,High
22,6,Sales,Junior,94696,36,19,0.6024906047634082,4.0154602953477,High
29,18,IT,Senior,47213,19,12,0.862813600137208,4.485873685506135,High
45,19,IT,Junior,77784,48,8,0.8098672857165445,3.7159139721521677,High
32,5,HR,Junior,27421,20,8,0.9480375558972867,2.647458961669984,Medium
38,15,HR,Mid,37727,9,13,0.9235972195167909,4.014378522983012,High
29,2,IT,Senior,24358,4,12,0.6575735195662766,1.8146685510907394,Low
56,10,HR,Senior,85108,35,16,0.6381186624875765,2.3102086607205297,Medium
56,18,IT,Mid,52117,5,1,0.9908266619262239,3.186741020397155,Medium
54,13,Sales,Junior,51910,25,13,0.7636325904576282,3.3016375491445933,High
26,5,HR,Junior,75754,3,7,0.9532104819572185,1.0885659018905178,Low
49,1,HR,Junior,82438,38,5,0.5819405118902411,4.780456755024035,High
28,1,IT,Junior,49371,38,8,0.8214094574000872,3.78650908486956,High
30,18,HR,Senior,71501,49,14,0.9049300936802931,2.9828150009275642,High
29,15,HR,Senior,80946,34,13,0.9736976247932234,4.732508937633233,High
33,17,Sales,Mid,58467,0,15,0.6686700705085118,2.756382261003314,Medium
55,11,HR,Mid,37625,23,17,0.8624905849620262,4.921742281081487,High
54,17,Sales,Senior,53893,35,15,0.7694065045198095,3.0491390289739404,High
44,13,IT,Senior,96329,5,18,0.5303144630332342,1.4571430799919178,Low
45,1,HR,Junior,51007,40,18,0.8449998686544717,4.059203889837109,High
58,2,Sales,Junior,59532,45,2,0.8450482791189218,3.715590900311362,High
56,9,IT,Mid,74253,43,4,0.9653034024232685,4.091946885222347,High
43,3,HR,Senior,32323,30,1,0.7486562230844862,4.805768114902724,High
48,1,IT,Mid,93379,19,4,0.6151254603552574,4.105957210604073,Medium
56,16,HR,Senior,34210,23,18,0.5222819117243396,3.4453464088665875,Medium
22,6,IT,Junior,36456,24,5,0.7078210933429528,4.429235609443364,Medium
56,17,IT,Mid,51367,35,19,0.6509583500387509,3.692985757418126,High
58,5,Sales,Mid,74624,20,15,0.8805441530119378,2.6324762273036924,High
35,5,IT,Senior,30106,29,8,0.6771338824205233,4.5424790569670925,High
24,6,HR,Junior,88008,23,17,0.974535598157422,1.8876018431374915,High
22,3,HR,Mid,92240,43,1,0.9811551014938922,3.858565099634897,High
26,5,Sales,Junior,84315,41,12,0.810454295108854,4.526253819763028,High
47,5,HR,Mid,89249,29,19,0.9643301435074414,3.925266078813185,High
35,10,HR,Junior,90587,21,15,0.8804271722572479,3.7891016762154277,High
48,10,HR,Senior,30756,27,9,0.7734298204875631,4.010553176287344,High
30,19,IT,Mid,88011,6,7,0.5901539677113891,2.8602209932025775,Low
36,17,IT,Mid,56378,34,2,0.72929897175692,4.4966827286281035,High
36,14,HR,Junior,24255,27,9,0.7804372316813089,1.8137459005443648,Medium
47,9,Sales,Junior,34484,13,10,0.931980790367505,1.5095456640013571,Medium
34,14,IT,Mid,76549,9,2,0.7406666882678324,2.142035120474046,Low
53,1,Sales,Senior,54503,15,19,0.9488373363389784,3.1263095870999726,High
53,19,HR,Junior,93794,15,11,0.8371744895117345,3.0422471816373524,Medium
25,13,HR,Junior,65113,30,13,0.5684995315268357,4.282395030706347,High
51,13,IT,Junior,94069,41,10,0.9974906846625464,2.6182746256160696,High
58,4,HR,Mid,25249,24,14,0.7636163303769563,2.9373777051660346,High
44,1,IT,Mid,39201,12,18,0.6959291482045394,1.0534707330375825,Medium
36,17,HR,Mid,78576,5,19,0.8295568822347632,2.6389569457717563,Medium
50,8,HR,Mid,29686,43,9,0.5544466569905195,3.5910969318013684,Medium
57,2,IT,Senior,73363,8,7,0.8182693233766771,1.0620333225063687,Low
34,8,IT,Senior,20661,44,3,0.7491180002496365,2.123527860744975,Medium
53,7,IT,Mid,64843,35,6,0.7033370349992916,1.8318254371575597,Medium
28,2,HR,Senior,80963,42,2,0.9765100105894495,1.167941715638353,Medium
43,3,HR,Junior,62828,19,6,0.7612698583660267,2.91704035965815,Medium
49,18,Sales,Junior,68604,17,3,0.6095587397349692,1.726893172912626,Low
23,12,IT,Junior,30526,42,16,0.7294817396886493,3.9723261585255205,High
27,1,HR,Mid,88910,20,8,0.9596937022863363,4.391711535053394,High
49,12,HR,Junior,45592,3,2,0.5880477356652973,3.182340730676591,Low
49,5,IT,Senior,48982,49,17,0.6069785193441184,4.926829370084566,High
41,17,Sales,Mid,20207,32,9,0.5065147838785419,2.8019142858823813,Medium
51,16,IT,Senior,88619,26,12,0.5070950246978836,3.053472840899662,Medium
32,15,Sales,Junior,49328,6,3,0.9146958134792562,4.956871015831,High
49,15,HR,Junior,66479,5,11,0.8660613034214779,1.9261937438601953,Medium
46,5,Sales,Junior,40103,14,1,0.6775205282259791,4.770183758707621,Medium
54,14,HR,Mid,59891,17,13,0.8491555786137863,1.171350220476453,Medium
22,2,IT,Senior,30754,31,15,0.6976029631549852,2.785547561052779,High
48,11,IT,Mid,92982,10,5,0.9764483979989138,1.280014048532263,Low
34,19,IT,Mid,75922,19,17,0.9835263407130175,3.916938971654572,High
24,7,Sales,Junior,68231,23,6,0.6963968879046717,3.433635743520071,Medium
27,6,HR,Mid,49301,14,11,0.927110953170434,3.8265370538703856,High
29,2,IT,Mid,82711,47,18,0.886544520848733,2.497921599872068,High
48,6,IT,Junior,61323,6,4,0.6549999685858947,2.477927736125521,Low
30,18,HR,Mid,38752,20,3,0.6160199144505529,1.1812771158435784,Low
58,2,IT,Junior,33395,41,13,0.7291173251964169,2.399779758118559,High
54,18,HR,Junior,76273,25,9,0.8906744203072031,4.717153609048237,High
45,15,HR,Junior,24895,43,6,0.9800838923643727,2.516906148721796,High
36,19,HR,Junior,96559,13,12,0.8817895344332862,4.32547082488788,High
53,2,HR,Mid,30699,36,2,0.927603492509185,4.369302018999736,High
53,6,HR,Junior,85061,20,3,0.8015321530852583,2.4929646255169353,Medium
45,1,Sales,Junior,29715,17,3,0.9177039154210629,3.527954721584756,Medium
33,15,IT,Mid,39169,4,12,0.8922104290017088,1.3814864090922345,Medium
23,10,Sales,Mid,36163,2,15,0.6884927709631401,1.414714322937106,Low
24,19,IT,Senior,25782,22,9,0.7759951510603605,1.1946306546468533,Medium
58,17,Sales,Mid,55585,25,8,0.9023765609948474,3.324060373500438,High
38,5,HR,Mid,50682,36,11,0.5230283670949782,2.704283910504388,Medium
23,4,IT,Senior,67864,23,16,0.904039641177915,3.1921294266569604,High
23,10,IT,Mid,75114,48,4,0.5889440620245117,3.0842927620335514,Medium
49,17,Sales,Mid,58067,18,1,0.7573418085607195,2.400811964362921,Low
44,10,Sales,Mid,62685,24,7,0.9041377197779688,3.7098936592938916,High
58,17,IT,Mid,38073,20,2,0.6269105390783474,4.034007523665563,Medium
53,5,Sales,Senior,56035,11,5,0.6229037196530764,1.0585130355107029,Low
54,2,Sales,Mid,84977,40,7,0.701382199231126,1.8289691990755133,Medium
22,6,Sales,Mid,85450,32,4,0.9473213987888173,3.8529434723333473,High
40,2,HR,Senior,30382,49,5,0.5002213907186039,2.5464806905353368,Medium
23,13,HR,Junior,24437,3,1,0.9506915483209675,3.6499357877664327,Medium
47,11,Sales,Senior,90971,41,1,0.576903512320804,2.3878506389382337,Low
53,11,Sales,Junior,84612,6,15,0.995043188033741,2.5630206093185484,High
27,16,HR,Senior,81929,21,19,0.9774234965192341,1.6347154947587397,High
53,11,HR,Senior,32329,32,10,0.7473375947956417,2.03292407866464,Medium
25,19,IT,Mid,45169,16,18,0.756360123906314,3.421647030030349,High
32,15,IT,Junior,54594,23,3,0.7407746701379272,2.7326524452606655,Medium
38,16,HR,Mid,96957,33,11,0.8177218228297614,4.097210731778381,High
59,11,Sales,Junior,80631,27,15,0.5453608511174655,4.410339819753371,High
45,16,Sales,Senior,65033,42,11,0.5163089741707833,3.1665856728670394,Medium
26,8,Sales,Senior,83133,40,17,0.5288514642079494,4.0330691682242366,High
55,4,Sales,Junior,93165,38,17,0.7221826746207571,2.22761805277828,High
27,8,IT,Mid,93861,21,6,0.6377739696097418,2.659884861600313,Medium
43,4,HR,Mid,72290,48,5,0.8110197811854969,3.851110704867324,High
32,3,Sales,Mid,51750,16,8,0.9962211446873894,2.5448479712681227,Medium
37,3,IT,Mid,60461,33,2,0.693161586538233,3.3540197406359553,Medium
54,18,Sales,Senior,93800,5,16,0.7869206270522566,1.741491116330046,Medium
30,19,HR,Senior,98222,45,12,0.7078019479536677,3.399085259881992,High
27,19,IT,Senior,44226,5,6,0.9236358338609296,4.446054828907574,High
37,5,HR,Senior,26721,33,1,0.951118201731119,4.474558559293703,High
50,18,HR,Senior,76154,0,4,0.93867780610263,3.8973776253181587,Medium
24,10,IT,Mid,40609,9,17,0.9871861193396287,3.983013516304504,High
41,6,IT,Mid,72130,20,13,0.5137595925702076,3.231709780602803,Medium
57,1,IT,Mid,92909,4,18,0.9199080810727656,3.338672360663299,High
40,5,IT,Mid,75249,1,5,0.8758860865195466,1.534602325642072,Low
47,9,IT,Senior,68895,21,3,0.6143472047001823,2.7754367536852045,Low
24,12,IT,Senior,25656,47,11,0.9781600466937638,2.8031051355454553,High
40,14,IT,Senior,94520,1,13,0.5740889641149727,4.833991342670961,Medium
41,2,Sales,Junior,83740,9,4,0.8397749635669542,2.7243474504931577,Medium
53,17,HR,Mid,84309,33,14,0.6124451084079563,3.1973705796110305,High
28,14,IT,Mid,49984,15,11,0.7156903243870374,3.13300559711641,Medium
54,13,Sales,Senior,93822,47,10,0.8595799484722845,3.5470468681773086,High
39,9,Sales,Mid,25901,38,19,0.7816623210165233,3.9929313253275835,High
22,15,Sales,Mid,51552,21,18,0.7137509156640558,1.9001675046834885,Medium
32,15,HR,Senior,51055,11,6,0.6631692154659936,3.114897676393743,Medium
49,11,IT,Junior,57685,23,15,0.9198298278543952,4.303670829264122,High
46,16,Sales,Junior,93965,46,10,0.5719071751574069,2.852458855350046,Medium
44,17,HR,Junior,34716,39,5,0.7150514382649,2.113830185494292,Medium
52,4,HR,Senior,31138,37,5,0.951878785887571,3.6188363014251963,High
51,1,HR,Mid,55298,9,10,0.9229247752299838,4.295069583196492,High
56,8,Sales,Senior,71112,34,5,0.7004708812365233,1.2525611717095653,Low
28,17,IT,Senior,43429,48,3,0.8815541818006541,4.107161933628909,High
37,3,Sales,Mid,70200,31,6,0.9115804153544296,4.286591731847085,High
47,15,Sales,Junior,91308,6,4,0.9444437120018149,2.846091710354427,Medium
23,15,IT,Junior,68244,20,18,0.7722528845246139,4.933222627273869,High
22,14,IT,Senior,37347,19,9,0.602230443027356,4.146833362829236,Medium
33,14,IT,Junior,36920,25,17,0.6276545382519658,4.094650259582663,High
26,2,HR,Senior,51822,3,13,0.6478473370208021,3.991354297648287,Medium
58,13,IT,Senior,66659,45,15,0.7969012404048077,1.602432412873096,High
53,14,Sales,Mid,60108,21,17,0.5164048120643042,1.8689235458120432,Medium
30,19,IT,Mid,27967,14,13,0.8180212343899842,2.8559605258577,Medium
56,7,Sales,Mid,31871,39,16,0.682177119214116,2.0560173998378635,Medium
40,3,HR,Senior,97452,20,4,0.6476209012448211,2.660963889336162,Low
37,15,Sales,Mid,94270,14,5,0.9397482853640632,4.553856439691683,High
24,14,Sales,Junior,53613,21,5,0.7300011977903995,4.297307567517077,Medium
41,11,IT,Junior,48179,27,9,0.5475265227663464,3.520159513919929,Medium
45,15,IT,Senior,72188,13,17,0.9133733840131235,4.432481577004414,High
54,13,Sales,Senior,75099,26,13,0.5238206287182533,4.135089556068997,High
45,18,IT,Mid,55262,40,2,0.8633746120840984,2.715939727363562,Medium
32,6,HR,Senior,98213,39,13,0.8869531108853326,1.8042606081997805,High
29,3,HR,Senior,38268,27,19,0.6763013029644291,3.0568041600373568,High
57,19,IT,Junior,97866,25,3,0.9123939281388933,3.9449155301142005,High
59,15,HR,Junior,80545,48,10,0.7578297029282267,2.745678394918372,High
41,5,IT,Mid,92146,1,2,0.7316468266363985,3.667087639135589,Medium
56,10,Sales,Senior,91966,24,13,0.5227016407343463,1.3773097051641745,Low
46,7,Sales,Senior,59922,2,19,0.645014596824453,3.9920189454856136,High
56,17,HR,Junior,99364,7,17,0.9655049854426498,4.250854479572248,High
46,7,IT,Senior,62913,43,14,0.69591198164175,3.8273514231221646,High
50,12,IT,Junior,75677,32,12,0.7733502602783842,4.869054350105462,High
39,17,HR,Mid,69841,41,12,0.7660108394921259,4.306608229842562,High
39,13,Sales,Junior,66332,34,11,0.7952155449113467,4.612374911506153,High
23,4,HR,Senior,45032,5,7,0.5306654778216413,4.734284333830592,Medium
56,10,Sales,Mid,57846,38,4,0.6810881273993641,4.205391967495235,High
37,3,IT,Junior,79474,22,19,0.8615641369412771,3.6970353680259964,High
57,9,Sales,Junior,64936,24,1,0.6002801255364915,1.0228743254431572,Low
54,13,HR,Mid,49794,49,3,0.6017891887731802,2.8633030128924988,Medium
25,18,IT,Mid,81588,42,13,0.5050453033445124,3.284649194489444,Medium
54,15,HR,Junior,90984,18,15,0.7187409633041049,2.2161210897919985,Medium
35,4,HR,Senior,70331,4,2,0.941367190336711,2.2724177876138882,Low
42,15,Sales,Junior,48141,10,11,0.5259504717936545,4.844637662840661,Medium
41,2,HR,Mid,29074,11,4,0.5955593547480014,4.566843460810984,Medium
29,15,Sales,Junior,26406,9,19,0.6550422691713775,4.396716022006817,High
28,8,IT,Mid,43291,7,17,0.8658623682821065,2.6240472068244425,Medium
24,8,Sales,Mid,61568,23,3,0.8203177964012933,1.0547942016356582,Low
38,17,IT,Senior,66851,27,18,0.7079719522909276,1.3208889858228563,Medium
54,12,Sales,Mid,74823,40,8,0.8795344696291878,2.2487854728704146,Medium
33,19,HR,Mid,43312,35,19,0.804815505828451,1.062971651982708,Medium
43,10,Sales,Senior,63108,36,5,0.9480203998286095,1.0685991276607925,Medium
43,9,Sales,Mid,86918,20,7,0.9090133745693465,4.6664132065696435,High
51,5,IT,Senior,54171,7,8,0.6264068030446003,3.8246340084762163,Medium
59,6,HR,Senior,61779,8,5,0.6357192888171002,2.2358239602726107,Low
59,2,Sales,Mid,88828,46,17,0.5626782378961928,1.5305783104038126,Medium
29,13,HR,Mid,32411,14,5,0.6684823628587282,3.0465428715803085,Medium
48,6,Sales,Junior,77009,47,4,0.9997719593595471,1.0213846434174578,Medium
48,5,Sales,Senior,35422,45,19,0.7028755843075305,4.7536549754325765,High
55,1,HR,Junior,62468,39,2,0.6102442173445533,2.659260477555789,Medium
42,6,Sales,Mid,52371,17,11,0.8812414422377766,2.609339820949331,Medium
51,6,HR,Junior,77022,41,13,0.771235501731328,2.5623744303271287,High
54,16,Sales,Senior,91229,19,15,0.5748007247634763,1.277313321551059,Low
49,4,IT,Junior,71196,5,12,0.6903448405804329,3.5532889591673062,Medium
54,11,HR,Senior,46715,11,11,0.7072348577696717,3.9320144785134135,Medium
26,9,Sales,Mid,47605,1,7,0.8769148502846094,3.704501590353161,Medium
40,3,Sales,Mid,51174,6,5,0.5103356844459522,1.5537419733175772,Low
25,19,IT,Senior,29956,15,17,0.6345098233991553,3.3153606721423703,Medium
56,8,HR,Mid,96373,2,9,0.758798150657761,3.2779379366890153,Medium
38,5,Sales,Mid,89252,44,14,0.6344233712264217,4.473643151765528,High
49,4,IT,Mid,81949,2,12,0.8142170237094994,2.516510633502588,Medium
51,6,Sales,Mid,82646,26,6,0.7409337396373084,2.485943774637737,Medium
50,2,HR,Senior,90017,49,17,0.6808551274297903,3.4741082348727423,High
27,11,Sales,Junior,83037,42,19,0.9746043134352561,3.532290613998052,High
56,4,Sales,Junior,26548,39,19,0.8160797495932287,2.8771409093031615,High
58,15,Sales,Mid,93294,37,16,0.5649706861339706,2.7722374493216844,Medium
45,6,Sales,Junior,43177,32,12,0.7800458487216977,2.9765906825515307,High
50,17,IT,Junior,44022,27,12,0.8903659266004504,4.444181198013247,High
52,6,IT,Mid,25542,0,6,0.8542448487463987,2.84466760501564,Medium
56,19,HR,Mid,80428,7,4,0.5860446146476297,4.75972716787929,Medium
54,2,IT,Junior,42740,36,6,0.9862099995200517,3.016015054385304,High
42,15,IT,Senior,79353,31,11,0.7244068228733029,4.796802772723566,High
53,11,HR,Mid,76532,47,1,0.5795125018701306,4.331327607476303,Medium
44,8,IT,Senior,36052,42,15,0.5900978770640739,2.4497252904633164,Medium
54,19,IT,Junior,67076,36,11,0.5491174960945402,4.454565685186465,High
24,13,HR,Mid,73420,3,19,0.9017590542174672,1.4402531368044609,Medium
39,12,HR,Senior,20671,29,18,0.5610152471609243,4.700188701372058,High
46,5,HR,Mid,20163,5,17,0.5625626285708735,3.5265740603315665,Medium
52,6,Sales,Junior,61424,45,19,0.9252358073804188,1.2175629940892447,High
24,4,Sales,Senior,73744,18,14,0.6723020422237798,3.577026894603246,Medium
45,19,HR,Junior,90331,31,18,0.5154289521540363,4.896990616579025,High
53,1,HR,Junior,30634,8,19,0.5259476497592055,1.2792026184585157,Low
43,17,HR,Mid,24798,11,15,0.5710852233519478,3.218750839120345,Medium
44,12,Sales,Senior,42420,10,15,0.6066966739878448,3.9911773990374897,Medium
23,15,Sales,Junior,49300,45,4,0.8325730971192027,4.241034346798125,High
48,1,IT,Junior,30749,15,7,0.5786631400009141,2.6553098612831834,Low
23,14,IT,Senior,45121,0,13,0.559437195588536,1.816666236672972,Low
47,6,HR,Junior,57487,44,3,0.8823595707381395,1.1693691150895353,Medium
38,5,Sales,Junior,53361,20,16,0.8355276419299572,3.318904628388899,High
54,11,Sales,Senior,41223,29,9,0.7176621107276181,2.811644281070443,Medium
30,4,Sales,Senior,92930,12,8,0.7746548857400519,4.794977580598844,High
50,13,HR,Senior,34056,33,13,0.6559920101632093,1.2424196308596391,Medium
47,11,IT,Senior,48380,3,17,0.7412502101176803,3.741581373784023,High
56,3,HR,Mid,46035,27,17,0.7533363244913729,1.0998648884802287,Medium
46,1,IT,Senior,50620,37,17,0.6936186355890479,1.685736706842171,Medium
45,6,IT,Mid,39877,30,1,0.9532861053360814,2.8143159996913365,Medium
34,18,HR,Mid,75316,26,8,0.508030932490503,2.819489771211473,Medium
28,10,IT,Mid,84041,4,19,0.891085631545623,3.7428021717345756,High
57,5,IT,Junior,73352,24,6,0.5621914156206622,4.6408521394710265,Medium
41,10,Sales,Mid,50911,2,3,0.8987736802685997,3.5561286356596833,Medium
22,12,IT,Mid,52784,32,5,0.8079559578383606,4.814140391406035,High
29,2,HR,Junior,23191,3,13,0.9216390454682012,4.526462559511991,High
37,13,HR,Junior,53160,24,15,0.5487571628204487,3.337999182123161,Medium
35,8,IT,Junior,84641,19,14,0.779490317049887,4.33516780367531,High
33,2,Sales,Senior,69723,33,16,0.7505439401310985,3.570310441294536,High
44,1,Sales,Junior,23631,25,18,0.8530965914816793,1.3142313236949086,Medium
36,5,IT,Junior,26172,4,11,0.7671452759468379,3.96225889303804,Medium
49,9,IT,Mid,62080,34,3,0.770367283566552,1.3796337650693848,Low
55,17,HR,Junior,40281,27,10,0.7147979717880324,3.3763311222788497,Medium
23,9,IT,Senior,48671,28,10,0.6544172120036704,3.8105608234329154,Medium
53,11,Sales,Junior,71431,8,16,0.7411321806260961,1.266110432843421,Medium
44,15,IT,Senior,48602,37,12,0.5592461793842003,1.923178615706127,Medium
43,6,HR,Junior,71399,49,2,0.9807566694915424,4.662688929046599,High
46,3,HR,Junior,43472,5,9,0.8572053818132992,3.4652579689315854,Medium
43,17,HR,Junior,69230,18,3,0.9762335583439234,1.9851440752421263,Medium
43,5,HR,Junior,93616,43,15,0.6133636911649816,3.7627190845920264,High
27,12,HR,Senior,27099,10,3,0.9396705100882641,3.3871056798467585,Medium
36,18,IT,Senior,45431,1,19,0.9043949922817692,3.0063027996717935,High
58,14,IT,Mid,76492,46,18,0.8385762062288369,4.904747899952335,High
54,11,IT,Senior,67684,43,8,0.8125145930426029,3.7338151096300356,High
29,9,IT,Junior,50111,43,17,0.6582748326339349,2.5017644386716507,High
26,2,HR,Mid,83936,8,8,0.9082053924825153,4.2002937283074715,High
25,12,Sales,Mid,42614,20,7,0.750757730739867,4.5383331716847515,High
27,3,IT,Mid,61991,23,7,0.5354457879456427,1.5008822380673257,Low
53,3,Sales,Junior,90476,33,3,0.656431580427565,1.802211911381066,Low
51,1,IT,Senior,80920,21,1,0.9676485492726639,1.8649080365111188,Medium
56,8,IT,Junior,83530,2,4,0.9253401303024231,3.7648472375461615,Medium
37,8,Sales,Mid,56224,11,5,0.9909528490382695,3.4121582202131333,Medium
34,11,HR,Junior,27788,27,1,0.8139966913020491,3.4759662587943527,Medium
51,9,IT,Junior,48082,29,15,0.623755036570206,4.763093198758003,High
40,5,IT,Senior,96816,25,5,0.5814075248384318,4.103646131229224,Medium
38,14,IT,Senior,36531,47,13,0.5934572203042308,1.5117476980471327,Medium
40,3,Sales,Mid,64857,20,8,0.5098978291736271,2.390028329700724,Low
49,5,HR,Junior,30142,27,8,0.6953410554929695,2.7415745847029425,Medium
47,5,Sales,Junior,68355,25,5,0.5957138402497713,2.5838463549904196,Medium
58,19,Sales,Senior,29866,32,9,0.7058277302283512,3.6772344366475167,High
47,14,HR,Junior,90067,20,1,0.9674972159193826,4.56757241302625,High
44,4,Sales,Junior,84027,34,4,0.715270104753595,2.224205854091152,Medium
30,13,HR,Junior,77906,33,3,0.9389922484924174,3.2075085456847425,High
33,10,IT,Senior,48138,40,2,0.8027523833079382,4.157637687654343,High
22,18,HR,Mid,49956,46,8,0.623565777330696,2.6648722353813974,Medium
22,8,IT,Mid,96295,17,9,0.6779273796296057,1.6724725135971834,Low
55,8,Sales,Junior,25439,10,2,0.5419597679107147,2.899803861054993,Low
53,7,Sales,Mid,67241,22,14,0.6667312967980052,1.2208900829721139,Medium
46,8,IT,Senior,62533,47,14,0.8387704727517671,4.769533816009107,High
22,14,Sales,Senior,48270,21,4,0.5360555464647176,1.2992848207798922,Low
37,19,HR,Mid,98815,16,6,0.6027007042390147,2.7538268610023127,Low
26,6,IT,Mid,59279,4,11,0.6907205207066558,3.1195250443541047,Medium
43,1,Sales,Junior,43888,43,3,0.9910247685079813,4.941215329149141,High
50,15,IT,Mid,37630,10,8,0.8924309114794401,1.664087294571443,Medium
24,1,HR,Junior,81063,29,3,0.8667433732460519,1.4577260744494343,Medium
33,17,HR,Junior,55144,14,14,0.558095478262723,1.0348245882501743,Low
47,1,Sales,Senior,72161,26,13,0.8904979468074957,1.6222857474772092,Medium
37,15,HR,Senior,97360,34,13,0.8926344057580076,1.8290919162706705,Medium
58,2,IT,Senior,70979,32,2,0.8005513478121642,3.522323766332369,Medium
43,14,HR,Senior,26979,19,13,0.9951808909991859,1.8788271615656016,Medium
50,8,IT,Mid,46189,15,19,0.6626269529622759,1.0820832589173008,Medium
35,8,IT,Senior,62600,33,6,0.9706362241209259,4.306473382009955,High
49,19,HR,Mid,79560,1,16,0.9573655574782518,2.462382804015867,Medium
26,7,Sales,Senior,98040,34,2,0.505740329874689,2.4147867463229358,Low
51,19,HR,Mid,81558,39,8,0.7250582632374055,2.2099161166717063,Medium
26,6,IT,Junior,26910,27,17,0.9885521165257867,4.901493108585683,High
33,6,IT,Mid,77713,46,2,0.5515606812040379,1.680461669237126,Low
37,3,HR,Mid,66857,38,10,0.7738923471916597,4.592952255812941,High
47,7,Sales,Senior,54964,5,16,0.989478753520552,4.107213328559552,High
47,19,Sales,Mid,45227,8,6,0.7777477120529301,1.3059198219972523,Low
42,8,IT,Junior,25978,19,2,0.594907651486078,4.946916406003394,Medium
57,10,IT,Junior,37153,0,2,0.7910916150462949,2.085463854156042,Low
54,15,Sales,Senior,79765,7,13,0.6022202869747735,1.3943317080896493,Low
51,15,HR,Junior,59071,22,15,0.7598521314472422,4.317256936503037,High
58,1,IT,Mid,89519,2,2,0.537021108956174,3.8267021347107995,Low
44,7,IT,Junior,29503,3,7,0.8027413346072023,3.468875223511603,Medium
31,4,Sales,Senior,80703,24,3,0.758394969564079,1.6239234547957326,Low
26,6,HR,Mid,84379,46,8,0.8700806843807316,2.9139844650238476,High
57,1,Sales,Senior,77866,37,14,0.8153502355793925,4.122224107548855,High
55,5,HR,Mid,36905,14,7,0.7748031342653783,2.214495752575361,Medium
52,1,HR,Junior,65838,20,7,0.8448894246240606,2.246759314060166,Medium
31,4,HR,Senior,78279,34,1,0.5719709567861154,1.0125636241924885,Low
40,2,IT,Senior,46806,45,17,0.797679830629302,1.6969736065815182,High
53,10,Sales,Mid,65000,13,9,0.5860553014113888,4.501622500487337,Medium
22,5,Sales,Senior,42168,35,13,0.9627611039259405,2.7669859665508283,High
26,10,HR,Mid,90119,11,19,0.5341670524228022,4.936937996937736,High
25,1,IT,Mid,58714,16,19,0.7151873748453966,2.5828318542951703,Medium
37,6,IT,Mid,74093,38,17,0.8478987388277224,3.860745819120965,High
45,13,Sales,Mid,75419,8,10,0.7290111058341293,2.1276761716189165,Medium
37,15,IT,Junior,69145,34,10,0.5460476266164511,2.455238564563734,Medium
23,4,IT,Mid,97425,12,4,0.7766895080633537,1.7629039503635786,Low
49,13,HR,Senior,97811,14,8,0.8208159544136773,2.38824947399758,Medium
53,15,IT,Junior,22461,17,18,0.8518961554952538,3.1889500816825724,High
48,8,HR,Senior,34291,32,14,0.6866299072313795,4.967091523916998,High
41,5,Sales,Junior,66804,5,18,0.7818299855143811,3.6568068522871426,High
45,15,IT,Mid,96971,26,14,0.7253432374694566,1.7969838176332562,Medium
33,4,Sales,Junior,84946,22,15,0.8360280193761267,1.1798457663662045,Medium
56,12,Sales,Junior,81332,26,4,0.7917784836624093,1.5054259252580424,Low
54,13,IT,Senior,97794,33,13,0.7628781097795674,3.2502208050921895,High
54,2,IT,Senior,50841,45,8,0.6247621834191244,4.060641315267065,High
58,19,Sales,Mid,68758,37,18,0.501009258874117,4.761676829202988,High
33,19,IT,Junior,96272,13,12,0.5870408376557146,1.0632926879872833,Low
24,4,HR,Junior,57643,35,14,0.5585330207120843,3.091040566247479,Medium
22,4,HR,Junior,70408,7,2,0.7245423725054734,2.883469424892707,Low
54,11,IT,Mid,63950,34,18,0.8061290753809223,3.624220087902816,High
31,5,Sales,Mid,76849,18,2,0.6065425043424041,3.238315417861368,Low
50,11,IT,Mid,48044,29,11,0.9695285479835936,3.748156602329922,High
34,10,IT,Mid,35997,13,9,0.5033410646119438,3.6323303389967614,Medium
33,8,Sales,Mid,99751,19,12,0.8861505075826714,1.4680468994317848,Medium
52,6,Sales,Senior,43911,48,17,0.8126023847652211,4.198871654474878,High
23,6,HR,Junior,75533,24,15,0.686777400523841,1.4929303028652994,Medium
56,8,Sales,Junior,34571,39,17,0.525244472206204,3.7941225008365485,High
44,15,HR,Junior,77941,23,18,0.8137432858921396,2.664581470562427,High
38,14,Sales,Junior,78005,13,6,0.692806756432824,3.0554029383063916,Medium
47,11,IT,Junior,78712,25,17,0.9681335697066096,4.613192057502842,High
29,12,HR,Junior,63541,37,18,0.770995037444883,4.559534905893946,High
50,13,HR,Junior,43387,22,8,0.9698257556467541,4.271425222620119,High
47,8,HR,Junior,68908,21,9,0.610241846736652,3.040593521825293,Medium
31,18,IT,Senior,33057,47,6,0.8628629551820517,3.9449592405353324,High
47,1,IT,Junior,84028,18,5,0.8086245104243628,3.0515882220752375,Medium
55,15,IT,Senior,75731,45,12,0.8697041149156559,4.478424329899109,High
28,8,IT,Mid,44858,2,11,0.6073339319862684,2.6111033329315996,Low
25,11,IT,Junior,68689,41,1,0.8324972581188869,4.880941377659507,High
32,12,HR,Mid,64638,18,11,0.7490201965284344,4.72929103291551,High
50,12,IT,Mid,66486,8,19,0.8714124874531581,3.966410477807142,High
57,4,HR,Mid,40567,27,9,0.6635223220759089,2.117663536704288,Medium
46,16,IT,Senior,49739,19,2,0.9450285127326263,1.5266143551730336,Medium
42,4,Sales,Mid,77804,44,12,0.5421506573056751,4.41881380037279,High
57,5,HR,Mid,23754,6,4,0.903594659395594,1.661209144551845,Low
31,5,Sales,Mid,47044,13,4,0.9306598129075454,4.417043155989343,High
58,8,HR,Junior,87260,8,18,0.9086261556834105,2.963060026849442,High
30,10,Sales,Junior,86912,18,15,0.756363197130888,2.626227135232417,Medium
45,17,IT,Senior,28706,46,19,0.7191924900153807,4.612763115337716,High
56,9,IT,Senior,28894,13,13,0.9981311432624385,3.4154039301611117,High
56,19,IT,Junior,38037,37,19,0.6145859756070811,3.306456028518871,High
57,14,HR,Senior,71612,35,17,0.7734379829380222,3.2350637784975906,High
39,8,Sales,Junior,49725,39,6,0.8353377626911628,2.4846780640781256,Medium
53,9,IT,Mid,25926,16,16,0.850433817930716,4.1425724141165094,High
45,11,Sales,Mid,29496,29,12,0.6020123328692893,2.011193776063092,Medium
44,1,Sales,Senior,76447,8,19,0.8269970461699006,4.7555798401651,High
53,14,IT,Junior,49806,32,5,0.9091847832406686,4.575940820187843,High
58,5,IT,Junior,61321,24,17,0.5250092884105562,2.3499213026995927,Medium
33,14,Sales,Senior,85095,13,1,0.9557606466626583,3.917855079326655,Medium
34,4,IT,Junior,42656,10,10,0.514752027572603,3.292892777798366,Medium
44,1,IT,Mid,75147,34,15,0.6779855162441972,2.3505972079969384,Medium
46,19,IT,Senior,69666,40,11,0.507906598116481,4.9540865919817865,High
56,8,HR,Senior,58787,13,13,0.5385725842697909,1.1009493833930568,Low
51,15,Sales,Junior,82946,29,5,0.9555841425900395,2.0105841224851466,Medium
38,15,Sales,Senior,41727,40,1,0.6774304153730739,3.0802962444446016,Medium
41,9,HR,Junior,88056,3,12,0.7123857652125265,3.0878120139142555,Medium
46,9,Sales,Junior,23081,3,11,0.6076721906912763,3.3557322997822565,Medium
43,10,IT,Junior,54196,27,17,0.7985478850933598,4.006704688091677,High
34,9,Sales,Junior,56735,7,4,0.7974016073388948,3.4939113220771856,Medium
40,3,IT,Junior,99578,1,15,0.6861001959126096,3.401125842112148,Medium
57,11,HR,Senior,45498,40,9,0.6665174359026992,1.2140578516521732,Medium
33,6,IT,Mid,96865,45,19,0.9424821540902939,2.5061211511571932,High
40,2,Sales,Mid,51656,21,19,0.6916421198211007,1.928222958804624,Medium
33,7,Sales,Senior,87695,40,12,0.7467504960772041,2.0614804464079017,Medium
30,18,Sales,Senior,57900,15,5,0.6416523812124653,3.2173498973613794,Medium
28,2,HR,Mid,67701,28,10,0.8933847516785637,1.7980212597184337,Medium
49,17,HR,Mid,39033,48,17,0.6987240784495459,2.17579640406759,High
35,11,Sales,Mid,30805,47,5,0.7568055232721622,1.9483388340693604,Medium
52,12,IT,Mid,55851,29,16,0.6266785850298306,4.7940117728727785,High
40,19,HR,Mid,46832,11,7,0.993829796170626,4.778662928684381,High
37,7,Sales,Junior,83437,34,9,0.6457478704618614,3.439766234384207,Medium
26,6,Sales,Senior,33944,10,3,0.8853712654527759,4.6980898749276,High
56,1,HR,Junior,39873,45,15,0.7137478251783795,4.143250581873493,High
33,17,HR,Mid,60372,49,16,0.6031087025420699,3.359791531207235,High
46,11,HR,Mid,35379,20,18,0.8998593819824305,1.0257408459871828,Medium
42,18,IT,Mid,56751,20,14,0.6668033945145215,4.090065144317617,High
57,17,IT,Junior,25110,4,3,0.9325966736989055,3.8099533663538754,Medium
44,7,Sales,Junior,74341,47,12,0.9576285924589115,3.461014613129656,High
37,17,HR,Mid,32087,19,9,0.929911917695638,4.041697246729887,High
35,9,IT,Junior,43762,36,7,0.5175039574034028,3.051688659099063,Medium
52,17,HR,Junior,29596,2,9,0.8936866725025527,3.8163330852853563,Medium
26,8,Sales,Mid,38313,43,13,0.7056697332495719,4.740688346905973,High
56,17,IT,Junior,86549,32,18,0.9368614600911125,2.503220063384345,High
44,7,IT,Senior,43705,8,5,0.8189771313423694,3.8324873396025017,Medium
50,1,IT,Senior,87364,8,13,0.9168215670719793,2.902751272043835,Medium
32,13,Sales,Senior,93445,3,4,0.7497158849334177,3.697598607255926,Medium
39,19,HR,Senior,98645,34,2,0.7675127522994665,4.0515733422174565,Medium
33,19,IT,Mid,22023,16,16,0.5721938160668336,1.1818100017431838,Low
30,17,Sales,Mid,79796,33,9,0.8919936793446777,3.5864017757946476,High
31,13,HR,Mid,84429,23,9,0.7096948058334858,1.9069647376277783,Medium
38,16,Sales,Senior,81627,31,6,0.7500400591357913,3.680130151230267,Medium
59,8,HR,Senior,53848,0,11,0.8925488570478538,2.873320743735254,Medium
28,19,Sales,Junior,57804,7,1,0.7994227000397195,4.094210967459549,Medium
34,18,HR,Junior,35379,44,4,0.6005493637213337,1.4936032608223857,Low
30,1,IT,Senior,79664,22,13,0.7951163295754464,3.5052894066247804,High
48,14,HR,Senior,47766,46,13,0.7038164289898279,2.1138829157102093,Medium
